3D,Information Technology
3D Printing,Information Technology
3D Technology,Information Technology
Accounting,Financials
Active Lifestyle,Consumer Discretionary
Ad Targeting,Communication Services
Adaptive Equipment,Health Care
Advanced Materials,Materials
Adventure Travel,Consumer Discretionary
Advertising,Communication Services
Advertising Exchanges,Communication Services
Advertising Networks,Communication Services
Advertising Platforms,Communication Services
Advice,Consumer Discretionary
Aerospace,Industrials
Agriculture,Materials
Air Pollution Control,Industrials
Algorithms,Information Technology
All Markets,Consumer Discretionary
All Students,Consumer Discretionary
Alternative Medicine,Health Care
Alumni,Consumer Discretionary
Analytics,Information Technology
Android,Information Technology
Angels,Financials
Animal Feed,Consumer Staples
Anything Capital Intensive,Financials
App Discovery,Information Technology
App Marketing,Communication Services
App Stores,Information Technology
Application Performance Monitoring,Information Technology
Application Platforms,Information Technology
Apps,Information Technology
Aquaculture,Industrials
Architecture,Industrials
Archiving,Information Technology
Art,Consumer Discretionary
Artificial Intelligence,Information Technology
Artists Globally,Consumer Discretionary
Assisitive Technology,Health Care
Assisted Living,Health Care
Auctions,Consumer Discretionary
Audio,Consumer Discretionary
Audiobooks,Consumer Discretionary
Augmented Reality,Information Technology
Auto,Consumer Discretionary
Automated Kiosk,Information Technology
Automotive,Consumer Discretionary
B2B,Financials
B2B Express Delivery,Financials
BPO Services,Financials
Babies,Health Care
Baby Accessories,Health Care
Baby Boomers,Consumer Discretionary
Baby Safety,Health Care
Banking,Financials
Batteries,Energy
Beauty,Consumer Discretionary
Bicycles,Consumer Discretionary
Big Data,Information Technology
Big Data Analytics,Information Technology
Billing,Financials
Bio-Pharm,Health Care
Biofuels,Energy
Bioinformatics,Health Care
Biomass Power Generation,Energy
Biometrics,Information Technology
Biotechnology,Health Care
Biotechnology and Semiconductor,Health Care
Bitcoin,Financials
Blogging Platforms,Information Technology
Boating Industry,Industrials
Brand Marketing,Communication Services
Brewing,Consumer Staples
Bridging Online and Offline,Information Technology
Broadcasting,Communication Services
Brokers,Financials
Browser Extensions,Information Technology
Building Owners,Real Estate
Building Products,Industrials
Business Analytics,Financials
Business Development,Financials
Business Information Systems,Information Technology
Business Intelligence,Financials
Business Productivity,Financials
Business Services,Financials
Business Travelers,Financials
CAD,Information Technology
CRM,Financials
Cable,Communication Services
Call Center Automation,Communication Services
Cannabis,Health Care
Carbon,Energy
Career Management,Financials
Career Planning,Consumer Discretionary
Cars,Consumer Discretionary
Casual Games,Consumer Discretionary
Cause Marketing,Communication Services
Celebrity,Consumer Discretionary
Certification Test,Industrials
Charities,Consumer Discretionary
Charity,Consumer Discretionary
Charter Schools,Consumer Discretionary
Chat,Information Technology
Chemicals,Materials
Child Care,Health Care
China Internet,Information Technology
Civil Engineers,Industrials
Classifieds,Consumer Discretionary
Clean Energy,Energy
Clean Technology,Energy
Clean Technology IT,Information Technology
Clinical Trials,Health Care
Cloud Computing,Information Technology
Cloud Data Services,Information Technology
Cloud Gaming,Consumer Discretionary
Cloud Infrastructure,Information Technology
Cloud Management,Information Technology
Cloud Security,Information Technology
Cloud-Based Music,Consumer Discretionary
Coffee,Consumer Staples
Collaboration,Consumer Discretionary
Collaborative Consumption,Consumer Discretionary
Collectibles,Consumer Discretionary
College Campuses,Consumer Discretionary
College Recruiting,Consumer Discretionary
Colleges,Consumer Discretionary
Comics,Communication Services
Commercial Real Estate,Real Estate
Commercial Solar,Energy
Commodities,Consumer Discretionary
Communications Hardware,Communication Services
Communications Infrastructure,Communication Services
Communities,Consumer Discretionary
Comparison Shopping,Information Technology
Computer Vision,Information Technology
Computers,Information Technology
Concentrated Solar Power,Energy
Concerts,Industrials
Console Gaming,Consumer Discretionary
Construction,Industrials
Consulting,Industrials
Consumer Behavior,Industrials
Consumer Electronics,Consumer Discretionary
Consumer Goods,Consumer Staples
Consumer Internet,Information Technology
Consumer Lending,Financials
Consumers,Consumer Staples
Contact Centers,Communication Services
Contact Management,Communication Services
Content,Communication Services
Content Creators,Consumer Discretionary
Content Delivery,Communication Services
Content Discovery,Communication Services
Content Syndication,Communication Services
Contests,Industrials
Cooking,Consumer Discretionary
Corporate IT,Information Technology
Corporate Training,Industrials
Corporate Wellness,Health Care
Cosmetic Surgery,Health Care
Cosmetics,Consumer Discretionary
Coupons,Consumer Discretionary
Coworking,Industrials
Craft Beer,Consumer Staples
Creative,Industrials
Creative Industries,Industrials
Credit,Financials
Credit Cards,Financials
Crowdfunding,Financials
Crowdsourcing,Financials
Cryptocurrency,Financials
Curated Web,Information Technology
Custom Retail,Consumer Discretionary
Customer Service,Communication Services
Customer Support Tools,Information Technology
Cyber,Information Technology
Cyber Security,Information Technology
DIY,Materials
DOD/Military,Industrials
Darknet,Information Technology
Data Center Automation,Information Technology
Data Center Infrastructure,Information Technology
Data Centers,Information Technology
Data Integration,Information Technology
Data Mining,Information Technology
Data Privacy,Information Technology
Data Security,Information Technology
Data Visualization,Information Technology
Databases,Information Technology
Debt Collecting,Financials
Deep Information Technology,Information Technology
Defense,Industrials
Delivery,Industrials
Demographies,Consumer Discretionary
Dental,Health Care
Design,Industrials
Designers,Consumer Discretionary
Developer APIs,Information Technology
Developer Tools,Information Technology
Development Platforms,Information Technology
Diabetes,Health Care
Diagnostics,Information Technology
Dietary Supplements,Consumer Staples
Digital Entertainment,Communication Services
Digital Media,Communication Services
Digital Rights Management,Information Technology
Digital Signage,Information Technology
Direct Advertising,Communication Services
Direct Marketing,Communication Services
Direct Sales,Financials
Discounts,Financials
Displays,Consumer Discretionary
Disruptive Models,Industrials
Distribution,Industrials
Distributors,Industrials
Diving,Consumer Discretionary
Doctors,Health Care
Document Management,Information Technology
Domains,Information Technology
Drones,Consumer Discretionary
E-Books,Communication Services
E-Commerce,Industrials
E-Commerce Platforms,Industrials
EBooks,Communication Services
EDA Tools,Information Technology
Early Stage IT,Information Technology
Early-Stage Technology,Information Technology
East Africa,Consumer Discretionary
EdTech,Consumer Discretionary
Ediscovery,Consumer Discretionary
Education,Consumer Discretionary
Educational Games,Consumer Discretionary
Edutainment,Consumer Discretionary
Elder Care,Health Care
Elderly,Health Care
Electric Vehicles,Consumer Discretionary
Electrical Distribution,Utilities
Electronic Health Records,Health Care
Electronics,Consumer Discretionary
Email,Information Technology
Email Marketing,Communication Services
Email Newsletters,Communication Services
Embedded Hardware and Software,Information Technology
Emerging Markets,Communication Services
Employer Benefits Programs,Industrials
Employment,Industrials
Energy,Energy
Energy Efficiency,Energy
Energy IT,Energy
Energy Management,Energy
Energy Storage,Energy
Engineering Firms,Industrials
English-Speaking,Consumer Discretionary
Enterprise 2.0,Information Technology
Enterprise Application,Information Technology
Enterprise Hardware,Information Technology
Enterprise Purchasing,Information Technology
Enterprise Resource Planning,Information Technology
Enterprise Search,Information Technology
Enterprise Security,Information Technology
Enterprise Software,Information Technology
Enterprises,Information Technology
Entertainment,Communication Services
Entertainment Industry,Communication Services
Entrepreneur,Industrials
Environmental Innovation,Industrials
Estimation and Quoting,Financials
Event Management,Real Estate
Events,Real Estate
Exercise,Consumer Discretionary
Experience Design,Industrials
Eyewear,Consumer Discretionary
FPGA,Information Technology
Face Recognition,Information Technology
Facebook Applications,Information Technology
Families,Consumer Staples
Fantasy Sports,Consumer Discretionary
Farmers Market,Consumer Staples
Farming,Industrials
Fashion,Consumer Discretionary
Fertility,Health Care
Field Support Services,Industrials
File Sharing,Information Technology
Film,Communication Services
Film Distribution,Communication Services
Film Production,Communication Services
FinTech,Financials
Finance,Financials
Finance Technology,Financials
Financial Exchanges,Financials
Financial Services,Financials
First Aid,Health Care
Fitness,Consumer Discretionary
Flash Sales,Consumer Discretionary
Flash Storage,Information Technology
Fleet Management,Industrials
Flowers,Consumer Discretionary
Fmcg,Consumer Staples
Food Processing,Industrials
Forums,Information Technology
Franchises,Industrials
Fraud Detection,Information Technology
Freelancers,Industrials
Freemium,Communication Services
FreetoPlay Gaming,Communication Services
Fruit,Consumer Staples
Fuel Cells,Energy
Fuels,Energy
Funeral Industry,Industrials
Furniture,Consumer Discretionary
Gadget,Consumer Discretionary
Gambling,Consumer Discretionary
Game,Consumer Discretionary
Game Mechanics,Consumer Discretionary
Games,Consumer Discretionary
Gamification,Consumer Discretionary
Gas,Energy
Gay & Lesbian,Consumer Discretionary
General Public Worldwide,Consumer Discretionary
Generation Y-Z,Consumer Discretionary
Genetic Testing,Health Care
Geospatial,Industrials
Gift Card,Consumer Discretionary
Gift Exchange,Consumer Discretionary
Gift Registries,Consumer Discretionary
Gold,Consumer Discretionary
Golf Equipment,Consumer Discretionary
Google Apps,Information Technology
Google Glass,Information Technology
Governance,Industrials
Government Innovation,Industrials
Governments,Industrials
Gps,Information Technology
Graphic Design,Industrials
Graphics,Industrials
Green,Energy
Green Building,Energy
Green Consumer Goods,Energy
GreenTech,Energy
Groceries,Consumer Staples
Group Buying,Financials
Group Email,Information Technology
Group SMS,Communication Services
Guide to Nightlife,Consumer Discretionary
Guides,Consumer Discretionary
HDTV,Industrials
Handmade,Industrials
Hardware,Industrials
Hardware + Software,Information Technology
Health Care,Health Care
Health Care Information Technology,Health Care
Health Diagnostics,Health Care
Health Services Industry,Health Care
Health and Insurance,Financials
Health and Wellness,Health Care
Healthcare Services,Health Care
Heavy Industry,Industrials
Hedge Funds,Financials
Hi Tech,Information Technology
High School Students,Consumer Discretionary
High Schools,Consumer Discretionary
High Tech,Information Technology
Hip Hop,Consumer Discretionary
Home & Garden,Consumer Discretionary
Home Automation,Industrials
Home Decor,Industrials
Home Owners,Real Estate
Home Renovation,Industrials
Homeland Security,Industrials
Homeless Shelter,Real Estate
Hospitality,Health Care
Hospitals,Real Estate
Hotels,Real Estate
Human Computer Interaction,Information Technology
Human Resource Automation,Information Technology
Human Resources,Industrials
Humanitarian,Industrials
Hunting Industry,Industrials
ICT,Information Technology
IT Management,Information Technology
IT and Cybersecurity,Information Technology
IaaS,Information Technology
Identity,Industrials
Identity Management,Industrials
Image Recognition,Information Technology
Impact Investing,Financials
In-Flight Entertainment,Communication Services
Incentives,Industrials
Incubators,Financials
Independent Music,Communication Services
Independent Music Labels,Communication Services
Independent Pharmacies,Health Care
Indians,Consumer Discretionary
Indoor Positioning,Consumer Discretionary
Industrial,Industrials
Industrial Automation,Industrials
Industrial Energy Efficiency,Energy
Information Security,Information Technology
Information Services,Information Technology
Information Technology,Information Technology
Infrastructure,Real Estate
Infrastructure Builders,Industrials
Innovation Engineering,Industrials
Innovation Management,Industrials
Insurance,Financials
Insurance Companies,Financials
Intellectual Asset Management,Financials
Intellectual Property,Industrials
Intelligent Systems,Information Technology
Interest Graph,Financials
Interface Design,Information Technology
Interior Design,Industrials
Internet,Information Technology
Internet Infrastructure,Communication Services
Internet Marketing,Communication Services
Internet Radio Market,Communication Services
Internet Service Providers,Communication Services
Internet TV,Communication Services
Internet Technology,Information Technology
Internet of Things,Information Technology
Invention,Financials
Investment Management,Financials
Jewelry,Consumer Discretionary
Journalism,Communication Services
K-12 Education,Consumer Discretionary
Kids,Consumer Discretionary
Kinect,Consumer Discretionary
Knowledge Management,Information Technology
Labor Optimization,Industrials
Landscaping,Industrials
Language Learning,Consumer Discretionary
Lasers,Industrials
Law Enforcement,Consumer Discretionary
Lead Generation,Consumer Discretionary
Lead Management,Consumer Discretionary
Legal,Consumer Discretionary
Leisure,Consumer Discretionary
Licensing,Industrials
Life Sciences,Health Care
Lifestyle,Consumer Discretionary
Lifestyle Businesses,Consumer Staples
Lifestyle Products,Consumer Discretionary
Lighting,Consumer Discretionary
Limousines,Consumer Discretionary
Lingerie,Consumer Discretionary
Linux,Information Technology
Local,Industrials
Local Advertising,Communication Services
Local Based Services,Communication Services
Local Businesses,Financials
Local Commerce,Financials
Local Coupons,Consumer Discretionary
Local Search,Information Technology
Local Services,Communication Services
Location Based Services,Communication Services
Logistics,Industrials
Logistics Company,Industrials
Lotteries,Consumer Discretionary
Low Bid Auctions,Consumer Discretionary
Loyalty Programs,Consumer Discretionary
M2M,Information Technology
MMO Games,Consumer Discretionary
Mac,Information Technology
Machine Learning,Information Technology
Made in Italy,Consumer Discretionary
Manufacturing,Industrials
Maps,Information Technology
Market Research,Industrials
Marketing Automation,Information Technology
Marketplaces,Consumer Discretionary
Mass Customization,Consumer Discretionary
Match-Making,Consumer Discretionary
Material Science,Materials
Mechanical Solutions,Industrials
Media,Communication Services
Medical,Health Care
Medical Devices,Health Care
Medical Professionals,Health Care
Medication Adherence,Health Care
Meeting Software,Information Technology
Mens Specific,Consumer Discretionary
Messaging,Information Technology
Micro-Enterprises,Information Technology
MicroBlogging,Information Technology
Minerals,Materials
Mining Technologies,Materials
Mobile,Information Technology
Mobile Advertising,Communication Services
Mobile Analytics,Information Technology
Mobile Commerce,Information Technology
Mobile Coupons,Information Technology
Mobile Devices,Information Technology
Mobile Emergency&Health,Health Care
Mobile Enterprise,Information Technology
Mobile Games,Communication Services
Mobile Health,Health Care
Mobile Infrastructure,Information Technology
Mobile Payments,Information Technology
Mobile Search,Communication Services
Mobile Security,Information Technology
Mobile Shopping,Information Technology
Mobile Social,Communication Services
Mobile Software Tools,Information Technology
Mobile Video,Communication Services
Mobility,Consumer Discretionary
Monetization,Financials
Moneymaking,Financials
Mothers,Consumer Staples
Motion Capture,Information Technology
Motors,Consumer Discretionary
Multi-level Marketing,Communication Services
Music,Communication Services
Music Education,Consumer Discretionary
Music Services,Communication Services
Music Venues,Real Estate
Musical Instruments,Consumer Discretionary
Musicians,Communication Services
NFC,Information Technology
Nanotechnology,Materials
Natural Gas Uses,Energy
Natural Language Processing,Information Technology
Natural Resources,Industrials
Navigation,Information Technology
Network Security,Information Technology
Networking,Information Technology
Neuroscience,Health Care
New Product Development,Industrials
New Technologies,Information Technology
News,Communication Services
Niche Specific,Consumer Discretionary
Nightclubs,Communication Services
Nightlife,Communication Services
Non Profit,Industrials
Non-Tech,Industrials
Nonprofits,Industrials
Notebooks,Consumer Staples
Nutraceutical,Health Care
Nutrition,Health Care
Office Space,Real Estate
Offline Businesses,Financials
Oil,Energy
Oil & Gas,Energy
Oil and Gas,Energy
Online Auctions,Consumer Discretionary
Online Dating,Consumer Discretionary
Online Education,Consumer Discretionary
Online Gaming,Consumer Discretionary
Online Identity,Consumer Discretionary
Online Rental,Consumer Discretionary
Online Reservations,Consumer Discretionary
Online Scheduling,Information Technology
Online Shopping,Consumer Discretionary
Online Travel,Consumer Discretionary
Online Video Advertising,Communication Services
Open Source,Information Technology
Operating Systems,Information Technology
Opinions,Consumer Discretionary
Optical Communications,Communication Services
Optimization,Information Technology
Organic,Consumer Staples
Organic Food,Consumer Staples
Outdoor Advertising,Communication Services
Outdoors,Consumer Discretionary
Outsourcing,Industrials
P2P Money Transfer,Financials
PC Gaming,Consumer Discretionary
PaaS,Information Technology
Parenting,Consumer Staples
Parking,Real Estate
Payments,Financials
Peer-to-Peer,Information Technology
Performance Marketing,Communication Services
Performing Arts,Consumer Discretionary
Personal Branding,Industrials
Personal Data,Information Technology
Personal Finance,Financials
Personal Health,Health Care
Personalization,Consumer Discretionary
Pervasive Computing,Information Technology
Pets,Consumer Discretionary
Pharmaceuticals,Health Care
Photo Editing,Information Technology
Photo Sharing,Communication Services
Photography,Consumer Discretionary
Physical Security,Industrials
Physicians,Health Care
Plumbers,Industrials
Podcast,Communication Services
Point of Sale,Financials
Politics,Industrials
Polling,Information Technology
Portals,Information Technology
Postal and Courier Services,Industrials
Pre Seed,Financials
Prediction Markets,Communication Services
Predictive Analytics,Information Technology
Presentations,Information Technology
Price Comparison,Consumer Discretionary
Printing,Industrials
Privacy,Information Technology
Private Corrections,Consumer Discretionary
Private School,Consumer Discretionary
Private Social Networking,Communication Services
Procurement,Industrials
Product Design,Industrials
Product Development Services,Industrials
Product Search,Information Technology
Productivity,Consumer Discretionary
Productivity Software,Information Technology
Professional Networking,Communication Services
Professional Services,Industrials
Project Management,Industrials
Promotional,Communication Services
Property Management,Real Estate
Proximity Internet,Information Technology
Psychology,Health Care
Public Relations,Industrials
Public Safety,Industrials
Public Transportation,Industrials
Publishing,Industrials
Q&A,Communication Services
QR Codes,Information Technology
Quantified Self,Health Care
Quantitative Marketing,Communication Services
RFID,Information Technology
RIM,Information Technology
Racing,Industrials
Radical Breakthrough Startups,Financials
Rapidly Expanding,Financials
Reading Apps,Communication Services
Real Estate,Real Estate
Real Estate Investors,Real Estate
Real Time,Information Technology
Realtors,Real Estate
Recipes,Consumer Discretionary
Recreation,Consumer Discretionary
Recruiting,Industrials
Recycling,Industrials
Registrars,Real Estate
Rehabilitation,Health Care
Religion,Consumer Discretionary
Remediation,Industrials
Renewable Energies,Utilities
Renewable Tech,Industrials
Rental Housing,Real Estate
Reputation,Consumer Discretionary
Residential Solar,Industrials
Resorts,Consumer Discretionary
Restaurants,Consumer Discretionary
Retail,Consumer Staples
Retail Technology,Information Technology
Retirement,Consumer Discretionary
Reviews and Recommendations,Communication Services
Ride Sharing,Information Technology
Risk Management,Industrials
Robotics,Industrials
Rural Energy,Utilities
SEO,Communication Services
SMS,Communication Services
SNS,Industrials
SaaS,Information Technology
Sailing Community,Consumer Discretionary
Sales Automation,Information Technology
Sales and Marketing,Industrials
Salesforce Killers,Information Technology
Search,Communication Services
Search Marketing,Information Technology
Security,Industrials
Self Development,Consumer Discretionary
Self Storage,Consumer Discretionary
Semantic Search,Information Technology
Semantic Web,Information Technology
Semiconductor Manufacturing Equipment,Information Technology
Semiconductors,Information Technology
Senior Citizens,Health Care
Senior Health,Health Care
Sensors,Information Technology
Serious Games,Consumer Discretionary
Service Industries,Industrials
Service Providers,Industrials
Services,Industrials
Sex Industry,Consumer Discretionary
SexTech,Consumer Discretionary
Shared Services,Communication Services
Shipping,Industrials
Shipping Broker Industry,Industrials
Shoes,Consumer Discretionary
Shopping,Consumer Discretionary
Simulation,Information Technology
Skate Wear,Consumer Discretionary
Skill Assessment,Consumer Discretionary
Skill Gaming,Consumer Discretionary
Small and Medium Businesses,Financials
Smart Building,Real Estate
Smart Grid,Industrials
Soccer,Consumer Discretionary
Social + Mobile + Local,Consumer Discretionary
Social Activists,Consumer Discretionary
Social Bookmarking,Industrials
Social Business,Financials
Social Buying,Financials
Social CRM,Industrials
Social Commerce,Financials
Social Entrepreneurship,Industrials
Social Fundraising,Financials
Social Games,Consumer Discretionary
Social Innovation,Industrials
Social Investing,Financials
Social Media,Communication Services
Social Media Advertising,Communication Services
Social Media Agent,Industrials
Social Media Management,Industrials
Social Media Marketing,Communication Services
Social Media Monitoring,Communication Services
Social Media Platforms,Communication Services
Social Network Media,Communication Services
Social News,Communication Services
Social Opinion Platform,Communication Services
Social Recruiting,Communication Services
Social Search,Communication Services
Social Television,Communication Services
Social Travel,Consumer Discretionary
Software,Information Technology
Software Compliance,Information Technology
Solar,Utilities
South East Asia,Information Technology
Space Travel,Consumer Discretionary
Spam Filtering,Information Technology
Spas,Consumer Discretionary
Specialty Chemicals,Materials
Specialty Foods,Consumer Staples
Specialty Retail,Consumer Discretionary
Speech Recognition,Information Technology
Sponsorship,Consumer Discretionary
Sporting Goods,Consumer Discretionary
Sports,Consumer Discretionary
Sports Stadiums,Real Estate
Staffing Firms,Industrials
Startup Histrionics,Information Technology
Startups,Financials
Stock Exchanges,Financials
Storage,Information Technology
Subscription Businesses,Industrials
Subscription Service,Industrials
Sunglasses,Consumer Discretionary
Supply Chain Management,Industrials
Surfing Community,Consumer Discretionary
Surveys,Information Technology
Sustainability,Energy
Swimming,Consumer Discretionary
Synchronization,Information Technology
Systems,Information Technology
TV Production,Communication Services
TV Station,Communication Services
Tablets,Information Technology
Task Management,Information Technology
Taxis,Industrials
Tea,Consumer Staples
Teachers,Consumer Discretionary
Teaching STEM Concepts,Consumer Discretionary
Tech Field Support,Information Technology
Technical Continuing Education,Consumer Discretionary
Technology,Information Technology
Teenagers,Consumer Discretionary
Telecommunications,Communication Services
Telephony,Communication Services
Television,Communication Services
Temporary Staffing,Industrials
Test and Measurement,Industrials
Testing,Industrials
Text Analytics,Information Technology
Textbooks,Communication Services
Textiles,Consumer Discretionary
Theatre,Consumer Discretionary
Therapeutics,Health Care
Ticketing,Industrials
Timeshares,Consumer Discretionary
Tourism,Consumer Discretionary
Toys,Consumer Discretionary
Tracking,Information Technology
Trading,Financials
Training,Consumer Discretionary
Transaction Processing,Financials
Translation,Information Technology
Transportation,Industrials
Travel,Consumer Discretionary
Travel & Tourism,Consumer Discretionary
Trusted Networks,Information Technology
Tutoring,Consumer Discretionary
Twin-Tip Skis,Consumer Discretionary
Twitter Applications,Information Technology
UV LEDs,Consumer Discretionary
Underserved Children,Consumer Discretionary
Unifed Communications,Communication Services
Universities,Consumer Discretionary
University Students,Consumer Discretionary
Unmanned Air Systems,Industrials
Usability,Consumer Discretionary
User Experience Design,Information Technology
User Interface,Information Technology
User Testing,Industrials
Utilities,Utilities
Utility Land Vehicles,Consumer Discretionary
Vacation Rentals,Consumer Discretionary
Vending and Concessions,Consumer Staples
Venture Capital,Financials
Ventures for Good,Financials
Vertical Search,Communication Services
Veterinary,Health Care
Video,Communication Services
Video Chat,Communication Services
Video Conferencing,Communication Services
Video Editing,Information Technology
Video Game Tournaments,Consumer Discretionary
Video Games,Consumer Discretionary
Video Processing,Information Technology
Video Streaming,Communication Services
Video on Demand,Communication Services
Virtual Currency,Financials
Virtual Desktop,Information Technology
Virtual Goods,Consumer Discretionary
Virtual Workforces,Industrials
Virtual Worlds,Consumer Discretionary
Virtualization,Information Technology
Visual Search,Information Technology
Visualization,Information Technology
VoIP,Communication Services
Vulnerability Management,Industrials
Waste Management,Industrials
Watch,Consumer Discretionary
Water,Utilities
Water Purification,Utilities
Wealth Management,Financials
Wearables,Consumer Discretionary
Web Browsers,Information Technology
Web CMS,Information Technology
Web Design,Information Technology
Web Development,Information Technology
Web Hosting,Information Technology
Web Presence Management,Information Technology
Web Tools,Information Technology
WebOS,Information Technology
Weddings,Consumer Discretionary
West Africa,Consumer Discretionary
Wholesale,Consumer Discretionary
Wind,Utilities
Windows Phone 7,Information Technology
Wine And Spirits,Consumer Staples
Wireless,Information Technology
Women,Consumer Discretionary
Writers,Industrials
Young Adults,Consumer Discretionary
iOS,Information Technology
iPad,Information Technology
iPhone,Information Technology
iPod Touch,Information Technology
mHealth,Health Care